{
    "x0": -3.76922975481,
    "y0": 43.46063913285294689,
    "x1": -3.76468416490,
    "y1": 43.46518472280,
    "dx": 0.000505066,
    "dy": 0.000505066,
    "us": [0.011275325901806355, 0.029523797333240509, 0.042786039412021637, 0.057828724384307861, 0.078394666314125061, 0.10382573306560516, 0.13219362497329712, 0.16188177466392517, 0.19073538482189178, 0.21501889824867249, 0.022837221622467041, 0.037586335092782974, 0.04912886768579483, 0.063582293689250946, 0.083513207733631134, 0.10826003551483154, 0.1358700692653656, 0.16477158665657043, 0.19189503788948059, 0.21354648470878601, 0.013240163214504719, 0.036423377692699432, 0.052269749343395233, 0.063206948339939117, 0.078209131956100464, 0.099042221903800964, 0.12379422783851624, 0.15237709879875183, 0.18173985183238983, 0.20628923177719116, 0.013599171303212643, 0.042305570095777512, 0.058087583631277084, 0.063269630074501038, 0.072720944881439209, 0.087995812296867371, 0.10581324994564056, 0.12928730249404907, 0.16127869486808777, 0.19605372846126556, 0.021537294611334801, 0.047452926635742188, 0.056873992085456848, 0.05977216362953186, 0.069110259413719177, 0.08306507021188736, 0.098927803337574005, 0.11711196601390839, 0.1394592821598053, 0.16875450313091278, 0.023420188575983047, 0.036970321089029312, 0.04538329690694809, 0.053554616868495941, 0.065495871007442474, 0.080449938774108887, 0.097401745617389679, 0.11584771424531937, 0.1354316771030426, 0.15695613622665405, 0.016440028324723244, 0.027545595541596413, 0.038855120539665222, 0.051941514015197754, 0.067229554057121277, 0.08402068167924881, 0.10177963972091675, 0.12009308487176895, 0.13856779038906097, 0.15747351944446564, 0.012277298606932163, 0.026824219152331352, 0.042276009917259216, 0.058821450918912888, 0.075707018375396729, 0.092470750212669373, 0.10932708531618118, 0.12642626464366913, 0.14330103993415833, 0.15977247059345245, 0.011316458694636822, 0.028427330777049065, 0.046546090394258499, 0.064707830548286438, 0.081756703555583954, 0.097558088600635529, 0.11288053542375565, 0.12862221896648407, 0.14436645805835724, 0.15900076925754547, 0.0058675920590758324, 0.020781701430678368, 0.040533937513828278, 0.060718797147274017, 0.078707046806812286, 0.093525521457195282, 0.1065368726849556, 0.12024004012346268, 0.1347813606262207, 0.14851005375385284],
    "vs": [-0.003540651174262166, -0.0014465964632108808, 0.00017121387645602226, 0.0014382060617208481, 0.0052672042511403561, 0.011137479916214943, 0.015684746205806732, 0.015491873025894165, 0.010293462313711643, -0.0015808184398338199, -0.014172027818858624, -0.011597882956266403, -0.0094116758555173874, -0.0057700616307556629, 0.00076095201075077057, 0.0089713474735617638, 0.014532297849655151, 0.013685239478945732, 0.0058058379217982292, -0.0070062382146716118, -0.025948667898774147, -0.023483021184802055, -0.020454850047826767, -0.015886997804045677, -0.0086510814726352692, 0.00067779351957142353, 0.0086166970431804657, 0.010486465878784657, 0.0043181716464459896, -0.007574508897960186, -0.032577820122241974, -0.028665652498602867, -0.024922113865613937, -0.020747406408190727, -0.014396989718079567, -0.0058973995037376881, 0.0027211988344788551, 0.0073190173134207726, 0.0048097833059728146, -0.0044526327401399612, -0.032789170742034912, -0.026404358446598053, -0.021596731618046761, -0.017299147322773933, -0.01165356021374464, -0.004948844201862812, 0.0015367107698693871, 0.0053467908874154091, 0.0041709351353347301, -0.0026834229938685894, -0.026878776028752327, -0.019975816830992699, -0.015059091150760651, -0.010618405416607857, -0.0056231333874166012, -0.00062801013700664043, 0.003469507209956646, 0.0052327504381537437, 0.0033351038582623005, -0.0028754062950611115, -0.019187822937965393, -0.013948607258498669, -0.010163416154682636, -0.0067215804010629654, -0.0029062549583613873, 0.00048636205610819161, 0.0029178429394960403, 0.0036476070526987314, 0.0018621596973389387, -0.003332747844979167, -0.01336305309087038, -0.0099695734679698944, -0.0079626096412539482, -0.0066848350688815117, -0.005044443067163229, -0.0032612311188131571, -0.0017583969747647643, -0.001236980315297842, -0.0021813865751028061, -0.0053681470453739166, -0.0088250208646059036, -0.0068598166108131409, -0.0070669399574398994, -0.0086472062394022942, -0.0087053626775741577, -0.0080728400498628616, -0.006902880035340786, -0.0069127986207604408, -0.0077893626876175404, -0.0097228353843092918, -0.0032996565569192171, -0.0026286074426025152, -0.0034876354038715363, -0.010983681306242943, -0.010509139858186245, -0.011719002388417721, -0.0084600942209362984, -0.0097703048959374428, -0.011427333578467369, -0.015279672108590603]
}
